user_id,book_id,rating
2,9,4.010522
2,26,3.6244287
2,40,3.594717
2,16,3.569735
2,55,3.3906288
3,73,2.0761104
3,21,2.0725238
3,62,1.885495
3,49,1.8220909
3,8,1.7913914
4,52,3.8990648
4,33,3.0593185
4,86,2.9567
4,38,2.5396888
4,49,2.487524
5,44,4.827187
5,95,4.505249
5,67,4.1098056
5,4,4.0821996
5,31,3.9254243
6,18,4.2865767
6,35,3.856782
6,92,3.8216612
6,79,3.8194225
6,8,3.6132443
7,40,4.4158545
7,18,3.455307
7,51,3.2873886
7,12,3.1764882
7,22,3.1308274
8,38,3.9171913
8,86,3.6040883
8,27,3.4572961
8,17,3.2556942
8,28,3.207864
9,25,4.387871
9,10,4.1421976
9,44,3.8744974
9,4,3.6840777
9,50,3.5518157
10,62,3.6255617
10,21,2.9879174
10,73,2.8481305
10,49,2.7665205
10,31,2.7185247
11,21,1.7427669
11,80,1.6523678
11,11,1.5587983
11,49,1.489523
11,33,1.4707139
12,6,3.9619741
12,19,3.8453963
12,59,3.193988
12,83,3.1417027
12,25,3.116997
13,28,4.479302
13,38,4.4161663
13,76,4.0718966
13,31,4.0141673
13,59,3.9892397
14,63,4.095207
14,90,3.9313648
14,3,3.9106767
14,85,3.8087578
14,23,3.7482061
15,63,3.8078017
15,18,3.6286516
15,67,3.229522
15,91,3.173217
15,3,3.0196483
17,27,4.35489
17,38,4.3498545
17,44,3.9736195
17,58,3.9093347
17,53,3.7969747
18,86,3.1968994
18,38,3.0505438
18,52,2.9429872
18,17,2.7092845
18,33,2.6818314
19,84,3.5746028
19,27,3.4372177
19,17,3.4238927
19,78,3.4039855
19,38,3.323949
20,5,1.5574149
20,19,1.4675134
20,29,1.402473
20,44,1.4001079
20,6,1.3949336
21,40,3.92701
21,25,2.907286
21,51,2.8349884
21,93,2.6702101
21,12,2.6624553
22,92,3.2119577
22,20,2.9399073
22,33,2.9073215
22,98,2.904112
22,7,2.8813694
23,12,1.4049077
23,70,1.3620998
23,92,1.3570552
23,98,1.325315
23,33,1.2531763
24,63,4.712209
24,3,4.4977083
24,90,4.0571666
24,24,3.8884828
24,19,3.750358
25,18,3.860971
25,42,3.6858213
25,35,3.6043992
25,63,3.595693
25,13,3.5468233
26,84,3.6144383
26,4,2.980893
26,78,2.8554304
26,17,2.767043
26,87,2.6971354
27,44,3.2840416
27,96,3.2215726
27,4,3.1573207
27,27,2.9613285
27,53,2.9562802
28,60,3.4492497
28,25,3.1723075
28,98,3.14991
28,12,3.0277138
28,19,3.0240872
29,64,3.4351213
29,13,2.7912223
29,63,2.488652
29,50,2.4580994
29,43,2.410388
30,21,4.479063
30,11,4.0872226
30,73,3.988453
30,33,3.8905475
30,2,3.8777893
31,44,4.015933
31,29,3.4237328
31,99,3.3404703
31,53,3.3397806
31,5,3.23772
32,31,2.9792218
32,77,2.9286294
32,56,2.815345
32,95,2.6489737
32,38,2.5616229
33,35,4.114449
33,53,4.113367
33,44,3.8916168
33,57,3.8479173
33,100,3.6277635
34,90,4.3536625
34,19,4.108601
34,25,4.0706067
34,42,4.050621
34,63,4.026339
35,81,2.7520723
35,8,2.6373286
35,40,2.6046462
35,35,2.598271
35,92,2.5915763
36,16,2.8502178
36,26,2.47043
36,67,2.4391513
36,4,2.420487
36,31,2.4103131
37,12,4.32485
37,40,4.168206
37,18,3.872453
37,92,3.781567
37,70,3.7804232
38,81,4.0772696
38,12,3.5405564
38,35,3.5278451
38,44,3.5092492
38,40,3.507177
39,10,3.2230163
39,4,2.8611853
39,25,2.847066
39,44,2.8384507
39,37,2.6270943
40,4,2.7675943
40,31,2.6820264
40,21,2.5431442
40,37,2.5175757
40,58,2.5027578
41,21,4.4512897
41,49,4.2043962
41,62,4.1148624
41,33,4.026813
41,11,4.0157204
42,63,3.8221176
42,3,3.3916683
42,90,2.870892
42,64,2.8408785
42,24,2.8094919
43,31,4.1783047
43,77,4.098984
43,88,3.5345814
43,67,3.4312732
43,95,3.2890673
44,4,3.7427769
44,44,3.2709231
44,54,3.2401588
44,50,3.2219155
44,64,3.1486378
45,89,4.8078594
45,67,4.590387
45,31,4.5263195
45,59,4.469094
45,4,4.4201164
46,96,4.6646104
46,32,4.49337
46,53,4.3697867
46,44,4.1544237
46,35,3.8530104
47,18,4.0982494
47,92,3.476623
47,20,3.4189532
47,63,3.4152377
47,16,3.3951933
49,98,4.6114526
49,60,4.5331883
49,25,4.4620585
49,20,4.4038725
49,12,4.115788
50,73,4.2521567
50,8,3.5418725
50,85,3.4647782
50,21,3.4094415
50,45,3.3507829
52,12,3.240047
52,92,2.989103
52,44,2.9786732
52,18,2.9685812
52,35,2.9460967
53,59,4.56383
53,63,4.4003577
53,18,4.1079693
53,19,4.1038322
53,91,3.9960506
54,59,4.3621874
54,31,4.1351366
54,21,3.7433207
54,8,3.7360036
54,19,3.7186134
55,13,3.424436
55,64,3.0832863
55,33,2.924053
55,42,2.763999
55,21,2.6847637
56,73,4.4641066
56,8,4.3757687
56,59,4.117054
56,31,3.8234441
56,2,3.6883354
57,44,3.5140603
57,4,3.502271
57,53,3.4028292
57,38,3.3543742
57,54,3.345389
59,67,1.7941816
59,65,1.7462411
59,18,1.7299436
59,16,1.7195418
59,89,1.6234815
60,92,4.5287604
60,20,3.971674
60,18,3.889413
60,83,3.7698913
60,35,3.7482467
61,38,4.399906
61,27,4.118972
61,86,3.7077658
61,28,3.6623006
61,7,3.615813
62,19,3.2300708
62,6,2.86224
62,59,2.7491817
62,90,2.6059122
62,25,2.4760745
63,47,3.6717436
63,59,3.2323248
63,28,2.9493382
63,19,2.941833
63,60,2.8658328
64,59,3.733627
64,19,3.3325915
64,46,3.0708594
64,31,2.8944674
64,6,2.7721014
65,37,3.485395
65,59,3.3869872
65,4,3.3688164
65,10,3.325401
65,31,3.1764297
67,21,4.598708
67,29,4.5552287
67,5,4.1325803
67,85,4.100051
67,66,4.0302567
68,19,4.402753
68,59,4.197651
68,25,3.672468
68,6,3.6277316
68,13,3.6250496
69,35,3.8097715
69,92,3.287998
69,57,3.2367752
69,42,3.048757
69,18,3.0095873
70,31,2.925765
70,77,2.7014315
70,67,2.6839535
70,59,2.4155147
70,88,2.4151185
71,64,3.2373004
71,4,3.2333205
71,54,3.1297638
71,44,3.1083708
71,100,3.107497
72,21,4.5102143
72,59,4.315942
72,19,4.1716795
72,31,4.1631
72,15,4.0510154
73,89,2.6328573
73,67,2.6304479
73,31,2.583171
73,59,2.4651296
73,18,2.416697
74,41,3.5851488
74,4,3.5486794
74,31,3.1131597
74,50,3.0831847
74,95,3.0540445
75,46,3.0219142
75,59,2.8642316
75,6,2.6477044
75,76,2.6180491
75,19,2.5532646
76,39,4.135812
76,61,3.9756901
76,33,3.9611268
76,7,3.886728
76,92,3.81514
77,56,3.1480987
77,31,3.047942
77,38,2.9604897
77,59,2.8263905
77,89,2.815206
78,62,3.9568775
78,97,3.9234476
78,42,3.6915545
78,24,3.6568303
78,31,3.6301188
79,73,3.82437
79,8,3.6701958
79,85,3.491115
79,21,3.3674247
79,2,3.3561916
81,8,4.104879
81,78,4.02011
81,27,3.7718227
81,73,3.7228866
81,66,3.5702362
82,81,2.0473213
82,12,1.7983336
82,35,1.7868475
82,40,1.781982
82,44,1.7651469
83,12,4.2370195
83,72,3.9902234
83,20,3.6877944
83,31,3.6464357
83,92,3.6416428
84,29,3.3655086
84,44,3.2081537
84,5,2.8521936
84,99,2.6625319
84,59,2.6326852
85,18,5.0219216
85,92,4.8763943
85,12,4.5379953
85,7,4.510833
85,35,4.359086
86,18,1.3670114
86,27,1.3272791
86,12,1.3240727
86,92,1.321968
86,4,1.3170327
87,17,3.541636
87,33,3.0014734
87,38,2.8898392
87,45,2.8353443
87,80,2.7623932
88,36,3.6904726
88,85,3.5618725
88,16,3.404657
88,26,3.10861
88,89,3.1005967
89,31,3.5520272
89,25,3.5476627
89,21,3.5265813
89,4,3.479287
89,95,3.4395711
90,33,4.5128994
90,92,4.4632
90,55,4.1809125
90,7,3.981976
90,39,3.9772556
91,27,2.3653934
91,78,2.3365834
91,44,2.2838237
91,38,2.1963975
91,8,2.119644
92,44,4.0737767
92,27,3.8793216
92,74,3.8791482
92,78,3.7964118
92,40,3.7823703
93,44,3.6695952
93,100,3.592618
93,25,3.2952526
93,54,3.2784092
93,71,3.276397
94,58,3.5357213
94,44,3.3053215
94,4,3.1753643
94,46,3.1674705
94,31,3.1203914
95,33,4.0644135
95,13,3.9905493
95,38,3.9865365
95,17,3.9234202
95,59,3.9128056
96,16,4.3393917
96,26,4.281381
96,36,3.8434765
96,33,3.4126964
96,67,3.1553092
97,59,4.1642017
97,46,3.9422116
97,31,3.7632716
97,19,3.6929903
97,8,3.6804645
98,24,4.162139
98,63,3.8999033
98,13,3.7843993
98,97,3.7546864
98,31,3.736815
99,35,4.600816
99,92,4.050107
99,57,3.9577947
99,42,3.850094
99,18,3.8045876
100,53,1.8332281
100,44,1.812341
100,27,1.7853323
100,35,1.7664802
100,57,1.7512827
101,40,4.7093673
101,51,3.983015
101,12,3.5618398
101,8,3.4675548
101,18,3.3931952
102,44,3.033052
102,29,2.8581934
102,5,2.718243
102,59,2.7130842
102,89,2.7039292
104,81,4.745739
104,40,4.161422
104,35,4.11597
104,12,4.115055
104,34,4.016403
105,21,4.968156
105,11,4.536336
105,49,4.3152137
105,62,4.2555137
105,73,4.2224402
106,16,4.207078
106,67,4.1394644
106,18,3.8822608
106,31,3.8221035
106,8,3.800011
107,100,4.7341948
107,44,4.4959426
107,35,4.459646
107,54,4.2847524
107,57,4.240168
108,27,4.179435
108,38,3.8296354
108,44,3.6527343
108,53,3.6096926
108,8,3.286393
109,9,4.3575754
109,8,4.153619
109,18,4.061248
109,40,4.045509
109,55,3.9987335
110,93,3.7647047
110,71,3.4586394
110,8,3.2198012
110,81,3.1886148
110,40,3.0073197
111,47,3.9678066
111,59,3.5365512
111,19,3.323626
111,60,3.2860577
111,98,3.2590349
112,88,3.7356262
112,31,3.5354958
112,18,3.4794044
112,12,3.424992
112,92,3.344386
113,44,2.0604632
113,96,1.6365488
113,53,1.5736364
113,4,1.5572213
113,29,1.5541965
114,22,3.0881715
114,40,3.06208
114,18,2.8627024
114,44,2.8363361
114,29,2.8093603
115,81,3.750059
115,44,3.6462862
115,35,3.6371512
115,27,3.6341867
115,92,3.6198719
116,42,3.0168111
116,92,2.738712
116,20,2.6508405
116,35,2.6111248
116,12,2.584859
117,44,4.594069
117,27,4.5680923
117,4,4.563141
117,96,4.549954
117,94,4.435908
118,19,4.4132
118,87,4.316079
118,59,4.181577
118,6,3.776555
118,5,3.7743597
119,4,3.1853848
119,44,3.1217403
119,96,3.0228593
119,21,3.0066173
119,34,2.8995805
120,18,3.8362675
120,92,3.52496
120,7,3.2507172
120,35,3.1755106
120,12,3.170057
121,44,2.9815319
121,22,2.8866332
121,27,2.8480403
121,30,2.807895
121,40,2.7317398
122,77,4.542841
122,31,4.2820396
122,95,3.9708624
122,41,3.966085
122,4,3.7876773
123,47,0.97274315
123,59,0.89645046
123,19,0.8496533
123,60,0.837324
123,98,0.8188292
124,31,4.962426
124,62,4.791372
124,95,4.5683136
124,97,4.437169
124,77,4.407804
125,62,4.2586555
125,31,4.1281204
125,39,4.0434313
125,18,3.9307954
125,92,3.871796
126,59,3.1110613
126,8,2.9649699
126,6,2.9166028
126,38,2.9114442
126,46,2.9061375
128,26,3.4766035
128,16,3.4147627
128,36,3.2313147
128,64,3.0056832
128,33,2.9402285
129,18,2.8998833
129,79,2.8417912
129,73,2.5188212
129,35,2.458502
129,8,2.435836
130,6,3.3700325
130,19,3.1597419
130,10,3.0660574
130,44,3.0179029
130,78,2.9995205
131,34,4.567553
131,81,4.29243
131,21,4.2760406
131,12,4.009245
131,62,3.841607
132,25,3.2167656
132,10,2.9236066
132,4,2.8542976
132,95,2.6852171
132,98,2.6771348
133,88,2.5424728
133,73,2.5051768
133,12,2.4660418
133,31,2.3726318
133,8,2.2657473
134,4,2.7505636
134,82,2.5785384
134,12,2.5605168
134,16,2.5388062
134,44,2.5384908
135,33,4.7430797
135,61,4.4109044
135,92,4.396885
135,64,4.386556
135,35,4.318679
136,73,4.309927
136,32,4.2565346
136,12,4.217092
136,21,4.203617
136,2,4.2010117
137,54,4.141419
137,44,4.137251
137,4,3.9716897
137,62,3.9311175
137,100,3.9274805
138,31,4.1395802
138,4,3.9953365
138,77,3.8968039
138,95,3.7085311
138,12,3.6956806
139,19,3.620179
139,13,3.5675848
139,90,3.5657246
139,25,3.5640943
139,31,3.4702222
140,73,3.098345
140,8,3.0774682
140,18,3.0517921
140,92,3.0235708
140,2,2.8978264
141,18,4.057749
141,31,4.011541
141,12,3.9909966
141,67,3.7201078
141,92,3.71257
142,73,1.1221755
142,2,1.0721198
142,21,1.0696495
142,8,1.0373671
142,12,1.0236412
143,4,4.1919785
143,64,4.0910172
143,13,4.0522866
143,50,3.851458
143,54,3.6733224
144,99,4.107324
144,44,4.0954795
144,42,4.0328107
144,60,3.912787
144,35,3.9044735
145,67,4.5988674
145,91,4.571331
145,18,4.5564976
145,63,4.5008116
145,89,4.2899485
146,28,2.9218664
146,60,2.9035096
146,98,2.8263988
146,47,2.8164496
146,59,2.753179
147,56,4.0350275
147,31,3.9140403
147,38,3.6678784
147,77,3.619062
147,73,3.5603666
148,44,2.303952
148,96,2.2887204
148,4,2.2786736
148,27,2.2758849
148,94,2.231661
149,19,4.2339826
149,90,4.1594987
149,6,3.6357906
149,42,3.5410476
149,63,3.511992
150,44,3.363208
150,10,2.6202586
150,96,2.612037
150,4,2.4826028
150,29,2.4784288
151,51,4.770384
151,40,4.6608324
151,27,4.486951
151,8,4.240205
151,12,4.1033278
152,13,3.5243673
152,35,3.3771212
152,64,3.364071
152,42,3.2543936
152,33,3.209535
153,34,4.273733
153,21,3.6802309
153,95,3.4123836
153,12,3.1970096
153,81,3.1702225
154,84,3.9397454
154,44,3.8214014
154,4,3.698457
154,96,3.414157
154,27,3.3080552
155,63,4.80059
155,18,4.061361
155,3,3.9319572
155,67,3.8425395
155,91,3.7551982
156,25,1.6637673
156,10,1.3399833
156,60,1.3337253
156,50,1.3308346
156,44,1.3043473
157,12,3.2818377
157,72,3.0513902
157,20,2.824586
157,18,2.8209558
157,31,2.8159482
158,88,4.075741
158,18,3.7355077
158,31,3.6472614
158,12,3.6022544
158,92,3.4931717
159,21,4.5392613
159,11,4.3349805
159,73,4.196905
159,92,4.1416936
159,33,4.09717
160,31,3.6107185
160,62,3.5074449
160,24,3.3769622
160,77,3.2606654
160,97,3.168681
161,67,4.3806243
161,31,3.9575825
161,77,3.7663877
161,89,3.7112982
161,16,3.6574776
162,25,4.3020463
162,60,3.8045554
162,98,3.6298351
162,19,3.5996296
162,42,3.5725963
163,31,4.6071224
163,59,4.600007
163,73,4.403256
163,8,4.3660474
163,21,4.338226
164,12,4.6820254
164,40,4.297284
164,81,4.2832084
164,92,4.1434293
164,18,4.0203395
165,73,4.5129676
165,45,4.3159175
165,18,4.0408626
165,8,4.0176425
165,85,3.9418142
166,17,3.5111685
166,38,3.1293035
166,33,2.9897346
166,27,2.8912463
166,86,2.8431647
167,84,3.8582144
167,44,3.8380308
167,4,3.6919677
167,27,3.3211527
167,10,3.2156844
168,59,3.904702
168,63,3.8257773
168,18,3.6474295
168,19,3.624717
168,91,3.5531042
169,44,3.160465
169,29,3.125675
169,48,2.6170137
169,96,2.5845354
169,53,2.5439131
170,92,4.3108015
170,35,4.0559874
170,20,3.8924444
170,18,3.8735085
170,83,3.8546035
171,10,4.4799757
171,4,4.2983856
171,37,3.9982855
171,44,3.9011664
171,69,3.8638837
173,76,2.2783036
173,92,2.1349745
173,38,2.0783038
173,98,2.0498655
173,28,2.0371213
174,62,4.3164797
174,21,3.6642807
174,31,3.595364
174,73,3.5247934
174,49,3.3499422
175,17,4.6665683
175,38,4.176468
175,33,3.98796
175,27,3.8621216
175,86,3.7823472
176,76,4.047068
176,98,3.6106577
176,92,3.5660408
176,27,3.5197415
176,83,3.4588547
177,39,4.4781027
177,92,4.2775435
177,7,4.199947
177,18,4.154049
177,73,4.0987577
178,4,1.174246
178,44,1.0143689
178,54,0.97863317
178,50,0.9621097
178,10,0.9571771
179,21,3.9875803
179,33,3.789478
179,13,3.6913893
179,11,3.6560993
179,80,3.646871
180,18,2.262159
180,35,2.0759017
180,73,2.0630264
180,79,2.0264287
180,92,1.9774764
181,25,2.7779067
181,10,2.1821628
181,50,2.150085
181,40,2.0674129
181,60,2.062077
182,44,3.833435
182,71,3.5145354
182,53,3.4555671
182,96,3.2762432
182,4,3.2694173
183,59,4.1377325
183,19,4.117375
183,31,3.962786
183,13,3.8797412
183,28,3.8568041
185,4,4.7307878
185,50,4.572045
185,25,4.3969007
185,13,4.250465
185,41,4.24469
186,26,3.9362898
186,16,3.8606226
186,36,3.596099
186,33,3.4659748
186,64,3.2453632
187,85,4.6185994
187,21,4.273301
187,73,4.25542
187,18,3.9575696
187,40,3.9321232
188,67,3.97835
188,16,3.8398597
188,18,3.7804244
188,89,3.6118808
188,65,3.594213
189,60,2.8309793
189,25,2.540657
189,98,2.5380723
189,12,2.5144548
189,20,2.4264624
190,64,4.3930316
190,13,3.7652366
190,50,3.238068
190,33,3.219885
190,43,3.2198715
191,56,3.17794
191,58,2.7647963
191,31,2.6302288
191,38,2.5715287
191,59,2.4893641
192,4,2.8631718
192,82,2.8621206
192,44,2.7918491
192,12,2.7677157
192,40,2.7427495
193,73,4.0054197
193,8,3.4893835
193,21,3.4796164
193,45,3.446113
193,2,3.4330902
194,64,3.5575273
194,13,3.0425298
194,63,2.8309057
194,50,2.7248366
194,33,2.7043512
195,18,3.6133757
195,12,3.4650147
195,92,3.4601815
195,42,3.344587
195,20,3.3393176
196,44,4.1682663
196,22,3.9538574
196,40,3.8526464
196,27,3.7999878
196,30,3.6827848
197,47,2.5536299
197,59,2.3300734
197,19,2.2198913
197,60,2.1707866
197,98,2.115366
198,9,2.3908517
198,26,2.009614
198,83,2.0047688
198,16,1.8991227
198,40,1.8621287
199,46,4.14739
199,98,4.039979
199,59,3.9976854
199,76,3.8666036
199,6,3.5380547
200,37,2.237743
200,4,2.2092237
200,59,2.1325138
200,10,2.1245363
200,31,2.071321
201,21,4.2314844
201,73,3.723812
201,62,3.6844633
201,8,3.6425006
201,49,3.622642
202,8,3.568139
202,73,3.391571
202,18,2.9724627
202,59,2.9604583
202,31,2.8587377
203,25,4.1240726
203,95,4.1182604
203,31,3.995646
203,4,3.905394
203,19,3.8870008
204,60,4.0970235
204,18,3.8290832
204,12,3.6831994
204,20,3.6826546
204,42,3.6077383
205,23,4.3840313
205,8,4.2579274
205,44,4.0875616
205,73,4.073176
205,85,4.065434
206,18,4.042733
206,79,3.815033
206,73,3.4812684
206,8,3.455113
206,35,3.4551113
207,35,4.226788
207,32,4.1268005
207,92,3.6118526
207,2,3.5711858
207,53,3.5586565
208,19,3.5997314
208,6,3.5177362
208,15,3.2318883
208,59,3.1941621
208,46,3.0910091
210,96,4.031265
210,44,3.8262708
210,53,3.5106323
210,4,3.26818
210,94,3.10011
211,13,4.482173
211,33,4.283535
211,92,3.957711
211,31,3.80448
211,21,3.8033743
212,27,4.4294615
212,51,4.3874264
212,40,4.208718
212,8,4.036879
212,9,3.8204288
213,59,4.4041986
213,31,3.7807162
213,89,3.4982405
213,67,3.4533339
213,46,3.4490519
214,90,2.2211626
214,8,2.0114775
214,25,2.000045
214,19,1.9818032
214,62,1.9647514
215,73,3.1297634
215,8,2.8761263
215,21,2.8230052
215,2,2.8043027
215,12,2.5968895
216,20,4.581662
216,92,4.115103
216,18,3.784965
216,12,3.6831083
216,42,3.6775644
217,63,4.625401
217,18,4.2663846
217,91,4.191235
217,67,4.111225
217,89,3.9268668
218,19,3.7881472
218,59,3.6898415
218,87,3.5951385
218,6,3.3922071
218,66,3.3442807
219,96,4.1709604
219,44,3.9763963
219,53,3.9653254
219,94,3.206844
219,99,3.190741
220,41,4.332272
220,4,4.03326
220,31,3.5669007
220,50,3.5524173
220,77,3.545
221,44,4.438654
221,68,3.9845061
221,4,3.6498487
221,40,3.5578167
221,50,3.505656
222,62,4.114995
222,73,3.8834062
222,21,3.611356
222,8,3.4290934
222,31,3.364773
223,92,2.6921976
223,18,2.6482177
223,35,2.6273549
223,21,2.610886
223,7,2.559411
224,63,4.4940715
224,3,3.6938221
224,18,3.584131
224,64,3.513147
224,67,3.4418721
225,4,3.2829921
225,84,3.0015829
225,44,2.9127321
225,54,2.7805524
225,21,2.7450645
226,20,4.241668
226,92,4.1282253
226,33,3.7940526
226,83,3.552596
226,50,3.5103405
227,62,4.5546865
227,21,4.0542727
227,73,3.9119663
227,49,3.779523
227,31,3.7425396
228,5,3.8944023
228,19,3.7137072
228,6,3.528543
228,44,3.5100496
228,59,3.4764524
229,8,3.961248
229,73,3.8054593
229,18,3.4246302
229,59,3.3587065
229,31,3.3255472
230,90,4.0247264
230,54,3.8525226
230,62,3.8443189
230,21,3.5666075
230,64,3.5198405
231,77,4.010338
231,31,3.7844253
231,95,3.3726683
231,62,2.991305
231,67,2.9436421
232,12,1.0763837
232,18,0.9342366
232,40,0.929605
232,72,0.91151386
232,31,0.90438855
233,31,4.5916667
233,58,4.2612257
233,4,4.243009
233,62,4.2341995
233,59,4.1874995
234,96,3.4189842
234,44,3.353503
234,53,3.1187985
234,4,2.8221512
234,94,2.7132795
235,13,3.9746814
235,64,3.6078432
235,33,3.331328
235,19,3.163452
235,42,3.1554673
236,64,4.324739
236,13,3.6647675
236,63,3.4311128
236,50,3.2280893
236,43,3.1630106
237,52,3.321016
237,33,3.026151
237,86,2.8474438
237,38,2.716573
237,49,2.5022109
239,67,4.3323054
239,16,3.6408114
239,91,3.602085
239,89,3.5943701
239,65,3.5403376
240,38,4.1065784
240,27,3.844374
240,86,3.4605813
240,28,3.4181473
240,7,3.3747587
241,18,2.5490649
241,92,2.1278043
241,63,2.0809374
241,79,2.0670376
241,7,2.0398984
243,96,3.677897
243,44,3.5811272
243,77,3.540428
243,31,3.480967
243,4,3.4414427
244,83,4.511364
244,92,3.8567264
244,35,3.7884843
244,6,3.7136872
244,42,3.6142514
245,31,4.1370487
245,12,3.96378
245,4,3.8737197
245,95,3.759236
245,59,3.6407416
246,85,4.0046663
246,21,3.3728518
246,73,3.3339276
246,36,3.2145839
246,45,3.0967364
248,92,3.7501004
248,55,3.6040044
248,18,3.4270003
248,33,3.3165262
248,8,3.315798
249,20,3.899129
249,92,3.2143505
249,18,3.1259644
249,60,3.0015795
249,12,2.9310055
250,21,4.212612
250,11,3.6645763
250,49,3.6025414
250,62,3.4340875
250,13,3.3042867
251,53,4.3851295
251,62,3.6975458
251,35,3.5300484
251,57,3.5194082
251,44,3.349739
252,59,2.7600489
252,31,2.34538
252,46,2.3241947
252,8,2.2522178
252,19,2.214215
253,17,3.901298
253,38,3.4770045
253,33,3.3219273
253,27,3.2124953
253,86,3.159072
254,19,2.3933516
254,13,2.3880239
254,59,2.3616607
254,60,2.3018324
254,25,2.301186
255,12,4.0506916
255,72,3.5797527
255,70,3.555007
255,18,3.5094564
255,92,3.4969263
256,53,3.8198016
256,38,3.3974457
256,27,3.3304658
256,44,3.2819276
256,35,3.1903515
257,73,3.626796
257,32,3.3812633
257,2,3.2996688
257,45,3.220586
257,21,3.055484
258,34,3.4683154
258,21,3.466827
258,4,3.1201804
258,25,3.1019716
258,12,2.996972
259,17,4.419871
259,38,3.7770946
259,27,3.4952352
259,86,3.4851158
259,59,3.4339683
260,26,3.9222267
260,33,3.9129345
260,36,3.8964367
260,16,3.7215729
260,13,3.4839792
261,16,3.7116861
261,26,3.4368994
261,36,3.125718
261,67,3.0350358
261,63,2.7977238
262,95,4.0093865
262,77,3.408446
262,4,3.362677
262,31,3.2577252
262,44,3.1379216
263,44,4.3374925
263,27,4.0371795
263,4,4.006743
263,10,3.99877
263,25,3.828946
264,19,4.4752707
264,59,4.30679
264,87,4.273153
264,6,3.9194076
264,21,3.8272884
265,62,3.1525059
265,97,3.0395608
265,42,2.901397
265,21,2.8649955
265,24,2.8357499
266,90,2.6795707
266,19,2.554936
266,63,2.3060496
266,42,2.221246
266,6,2.2035968
267,43,4.599225
267,64,4.5391846
267,24,4.5216904
267,13,4.4284453
267,63,4.3746996
268,44,2.0143855
268,85,1.9468768
268,23,1.8994931
268,29,1.8597918
268,40,1.8258815
269,53,4.1957154
269,96,3.531457
269,44,3.529553
269,27,3.311372
269,38,3.2362576
270,90,1.2682817
270,19,1.1819785
270,63,1.053855
270,42,1.0372795
270,6,1.0289369
271,35,4.335026
271,57,4.184123
271,92,3.8306286
271,53,3.786577
271,18,3.675242
272,100,3.7378204
272,64,3.5417135
272,50,3.4648163
272,44,3.4349248
272,25,3.4304981
273,77,4.44838
273,95,4.3827963
273,31,4.2175684
273,4,3.7527468
273,73,3.6140573
274,59,3.3292735
274,31,2.8857918
274,19,2.780535
274,8,2.6949136
274,46,2.6857285
275,31,3.008369
275,77,2.9416282
275,62,2.5703597
275,95,2.4603827
275,67,2.417965
276,100,1.9980922
276,44,1.917193
276,35,1.8999876
276,54,1.844998
276,64,1.8215772
277,40,2.431577
277,12,1.9057977
277,18,1.8570449
277,51,1.742934
277,85,1.7201998
278,21,3.3667216
278,42,3.2656105
278,35,3.1753142
278,13,3.1738489
278,92,3.1175222
279,37,4.864659
279,4,4.80266
279,59,4.6358995
279,10,4.618557
279,31,4.502872
280,38,4.771867
280,86,4.597246
280,17,4.117553
280,52,4.026806
280,27,4.0005774
281,68,4.6824203
281,36,4.649441
281,26,4.324403
281,16,4.266775
281,64,3.9966278
282,21,1.946054
282,34,1.800044
282,4,1.7230887
282,66,1.6358548
282,73,1.6219915
283,36,4.3964853
283,16,3.9541955
283,26,3.924515
283,85,3.7349195
283,33,3.6376586
284,5,4.5791373
284,66,4.56791
284,6,4.5550785
284,19,4.4196935
284,78,4.3058333
286,64,4.197127
286,43,4.1519055
286,13,3.9938846
286,24,3.879195
286,63,3.794907
287,21,4.3421283
287,80,4.268732
287,33,4.0892696
287,17,4.0360274
287,11,3.9781804
288,21,3.6107886
288,13,3.0755823
288,33,3.071892
288,11,3.064327
288,80,2.9255464
289,35,4.5473256
289,92,4.4319124
289,18,4.415062
289,7,4.243666
289,57,4.0518007
290,88,3.8030124
290,31,3.5849729
290,12,3.445547
290,18,3.3800652
290,92,3.2551668
291,21,3.5937746
291,25,3.3729672
291,85,3.349555
291,34,3.3229058
291,44,3.2981462
292,63,3.4990408
292,18,3.047775
292,3,2.927055
292,67,2.8984053
292,91,2.8090384
293,8,4.0129633
293,73,3.839442
293,18,3.3173385
293,59,3.3163667
293,2,3.2384467
294,98,3.8189933
294,60,3.5065632
294,70,3.4648988
294,12,3.3853173
294,92,3.3462963
295,64,4.1959147
295,50,3.9094474
295,4,3.6739259
295,13,3.6323397
295,100,3.612586
296,22,2.8242874
296,40,2.576978
296,35,2.4679732
296,44,2.4593651
296,18,2.4154055
297,71,2.2162995
297,44,2.0681694
297,95,2.0649302
297,62,1.99202
297,4,1.9102143
298,10,2.7256303
298,25,2.7148418
298,4,2.397378
298,14,2.3551476
298,44,2.316309
299,85,3.5780945
299,73,3.077708
299,34,2.9546452
299,21,2.9400654
299,45,2.7064672
300,25,4.3569245
300,40,3.691413
300,60,3.5157444
300,50,3.478437
300,12,3.4565802
301,38,4.135824
301,27,3.7861567
301,86,3.6021156
301,28,3.5860167
301,76,3.409041
302,19,4.356063
302,59,4.0430574
302,87,3.9307027
302,6,3.781122
302,46,3.7749367
303,44,3.6980455
303,96,3.4927852
303,4,3.481578
303,53,3.220942
303,27,3.0016878
304,71,3.7009265
304,44,3.559243
304,95,3.2493675
304,4,3.2264354
304,54,3.1246717
305,63,4.7659698
305,3,4.558116
305,85,4.407749
305,89,4.231385
305,18,4.1322317
306,44,2.643698
306,4,2.4431248
306,99,2.3850164
306,25,2.374912
306,5,2.3319192
307,63,3.763938
307,3,3.4061577
307,18,3.1628737
307,67,3.1139913
307,91,3.1059632
308,18,4.7980146
308,7,4.313152
308,92,4.2591467
308,63,4.2583547
308,16,4.0463905
309,53,4.7219663
309,27,4.4297967
309,44,4.2396307
309,38,4.1277494
309,96,3.9056873
310,4,3.2279477
310,37,3.1116464
310,10,3.0887067
310,44,3.0355744
310,31,2.8785896
311,35,4.354732
311,18,4.283019
311,61,4.2424564
311,92,4.2255197
311,7,4.1912203
312,18,4.0206976
312,79,3.9023135
312,73,3.6241279
312,8,3.5619447
312,35,3.3793843
313,52,2.2072408
313,33,2.0482397
313,86,1.7752889
313,49,1.7579914
313,13,1.7149194
314,63,4.4034824
314,18,4.2148905
314,67,4.157905
314,89,4.0822635
314,3,3.9839451
315,83,2.5446405
315,92,2.2055993
315,35,2.098063
315,33,2.014011
315,6,1.9822983
316,26,4.5223475
316,9,4.2195425
316,33,4.208643
316,83,4.192907
316,16,4.1410007
317,5,4.599183
317,19,4.2938843
317,44,4.1053596
317,29,4.0835013
317,6,4.078572
318,35,2.5628004
318,18,2.5302327
318,57,2.5023453
318,44,2.3962014
318,73,2.3057628
319,85,4.657329
319,73,4.2322583
319,8,4.089788
319,40,4.056732
319,21,4.0233884
321,44,2.9310455
321,29,2.8323736
321,99,2.580047
321,5,2.5063245
321,21,2.3836012
322,35,4.2264147
322,57,4.2014246
322,18,3.86087
322,53,3.8426392
322,44,3.7310982
323,6,4.4221034
323,19,4.224138
323,66,4.0617566
323,87,3.6962202
323,46,3.6868827
324,44,2.8298857
324,29,2.5770352
324,27,2.4589176
324,96,2.436527
324,58,2.3265288
325,31,4.838793
325,24,4.68919
325,62,4.6048245
325,63,4.35387
325,21,4.302293
326,38,4.580501
326,27,4.1204047
326,28,4.0092096
326,86,3.9375474
326,7,3.8958373
327,4,4.282948
327,41,4.263439
327,31,3.848479
327,50,3.717857
327,25,3.6512144
328,96,4.372217
328,44,4.327948
328,53,3.9341705
328,4,3.6581767
328,94,3.4625607
329,56,4.2908053
329,38,3.979456
329,31,3.946124
329,27,3.8335214
329,58,3.8318233
330,83,4.2726164
330,35,3.4532876
330,92,3.4292488
330,6,3.379267
330,76,3.2274745
331,16,4.503948
331,26,4.0819044
331,36,3.788796
331,67,3.7350712
331,18,3.542338
332,42,3.9481018
332,35,3.6657085
332,20,3.4247065
332,92,3.4051142
332,25,3.387249
333,55,3.5295792
333,73,3.3165395
333,8,3.2764146
333,92,3.223624
333,16,3.1019638
334,18,2.8310032
334,92,2.418731
334,12,2.3516726
334,40,2.308802
334,79,2.2658412
335,18,4.425545
335,92,3.6745882
335,79,3.5988116
335,63,3.574332
335,7,3.506627
336,88,3.153553
336,18,2.849724
336,12,2.8306658
336,31,2.6630583
336,92,2.649009
337,93,2.337296
337,8,2.1621945
337,71,2.076244
337,73,2.0320709
337,81,2.0308714
338,8,4.204753
338,73,4.0975566
338,2,3.392129
338,45,3.3869815
338,93,3.3086777
339,18,4.8533645
339,79,4.6469393
339,35,4.176226
339,73,4.1494718
339,8,4.083052
340,21,4.3335457
340,80,4.1030083
340,11,3.9446487
340,73,3.863679
340,85,3.8209167
341,21,3.09942
341,80,3.0077763
341,11,2.8069696
341,49,2.6952493
341,13,2.5703251
342,31,3.6735463
342,4,3.6291401
342,38,3.4560425
342,27,3.4051254
342,44,3.3035982
343,18,3.61176
343,63,3.4143825
343,67,3.2450154
343,16,3.1310081
343,89,3.036189
344,67,3.1658728
344,18,3.1029181
344,16,3.0383396
344,65,3.0188072
344,89,2.8755763
345,64,2.844285
345,13,2.8295202
345,43,2.7593298
345,24,2.565225
345,63,2.5529923
346,20,3.786382
346,92,3.4911273
346,18,3.1940455
346,42,3.008814
346,12,2.954669
347,59,4.312988
347,31,4.048997
347,12,3.8225489
347,88,3.6156974
347,98,3.484413
348,38,3.0186362
348,4,2.992414
348,27,2.877767
348,31,2.87109
348,59,2.746066
349,4,4.0160885
349,10,3.700472
349,37,3.5928159
349,41,3.4878752
349,69,3.327845
350,4,3.2339606
350,10,2.8132627
350,44,2.7578247
350,95,2.7149744
350,50,2.6598117
351,13,2.549918
351,35,2.4724212
351,92,2.468969
351,33,2.4661226
351,38,2.4246795
352,39,2.9252963
352,92,2.7656
352,7,2.7205544
352,18,2.7010283
352,73,2.6033988
353,90,4.682887
353,19,4.364228
353,63,3.8911572
353,42,3.8299549
353,6,3.799152
354,38,4.0615396
354,27,3.746028
354,7,3.6504614
354,92,3.6263309
354,28,3.484281
355,31,4.045857
355,59,3.9528544
355,67,3.9375334
355,89,3.8824217
355,91,3.5748398
356,26,4.4289026
356,16,4.301173
356,36,4.071111
356,33,3.9665873
356,64,3.687829
357,67,4.72336
357,63,4.581949
357,18,4.3961916
357,16,4.335304
357,89,4.329019
358,95,4.5132957
358,10,4.068492
358,4,3.823158
358,25,3.6812754
358,14,3.4731603
359,18,4.1100087
359,63,3.3061798
359,92,3.276024
359,79,3.2008631
359,7,3.1832376
360,85,4.6917644
360,73,4.21674
360,21,3.962912
360,40,3.762114
360,45,3.7368846
361,73,3.4002416
361,29,3.328302
361,8,3.1400344
361,85,3.1119304
361,21,3.0869713
362,21,4.405184
362,34,4.218169
362,62,3.6544642
362,11,3.5255806
362,73,3.499305
363,18,4.489766
363,92,4.096951
363,31,4.0940866
363,63,4.089204
363,12,3.9706857
364,37,3.4217525
364,4,3.3889427
364,59,3.3106022
364,10,3.2631302
364,31,3.1679614
365,18,3.703764
365,35,3.4016933
365,59,3.3989325
365,5,3.3898945
365,12,3.372621
366,58,1.3623137
366,46,1.1771855
366,56,1.1467546
366,44,1.1455579
366,29,1.1282351
367,29,1.9521195
367,44,1.8821985
367,5,1.5768727
367,99,1.5511414
367,85,1.5279553
368,4,4.4799213
368,50,3.6734955
368,54,3.6280332
368,41,3.6274524
368,10,3.6053925
369,46,4.202499
369,59,4.185054
369,8,3.8291316
369,6,3.6940875
369,19,3.6076148
370,32,3.5823684
370,35,3.3488905
370,92,3.246854
370,12,3.219191
370,18,3.1781967
371,21,3.9892502
371,12,3.5624347
371,73,3.555894
371,2,3.5444598
371,59,3.525854
372,64,3.2905354
372,13,2.982394
372,83,2.7674487
372,35,2.7575252
372,63,2.7159324
373,44,3.6785228
373,27,3.3025155
373,22,3.24107
373,30,3.1874893
373,40,3.079166
374,18,4.3329425
374,57,4.2751694
374,35,4.112137
374,44,3.865447
374,7,3.8624275
375,33,3.2759082
375,26,3.198772
375,9,3.0427923
375,16,3.0195532
375,83,2.9624052
376,95,3.277636
376,31,3.2003195
376,77,3.0816565
376,62,3.0422173
376,4,3.0382886
377,34,4.5556593
377,21,4.275071
377,95,3.6168048
377,81,3.6087513
377,62,3.5834548
378,63,4.519069
378,64,4.3716683
378,13,3.6204462
378,43,3.5904546
378,3,3.4934611
380,67,2.093212
380,65,2.0372813
380,18,2.0182676
380,16,2.0061321
380,89,1.8940618
381,4,1.7549269
381,41,1.7511463
381,31,1.5738082
381,50,1.5222576
381,25,1.4942515
382,64,2.6305857
382,43,2.5678053
382,38,2.3895206
382,63,2.3730311
382,13,2.3636003
383,28,3.6029172
383,38,3.5521336
383,76,3.275221
383,31,3.228787
383,59,3.208736
384,92,2.3054397
384,8,2.2837648
384,73,2.2696502
384,55,2.2225637
384,21,2.2224483
386,21,4.8408976
386,35,4.676001
386,11,4.4683123
386,33,4.2841334
386,49,4.264812
387,57,4.5708055
387,35,4.5456095
387,44,4.386791
387,18,4.352695
387,53,4.2686305
390,92,4.483364
390,70,4.4565563
390,12,4.4011903
390,33,4.1457458
390,98,4.1350064
391,18,4.059696
391,8,3.673447
391,92,3.6692612
391,73,3.5159006
391,16,3.4600816
392,32,2.6167538
392,35,2.4868915
392,12,2.2940512
392,96,2.2929373
392,53,2.269477
393,21,4.843928
393,34,4.7588406
393,66,4.58646
393,85,4.551266
393,93,4.5449314
394,73,3.9020567
394,39,3.5530188
394,8,3.5317273
394,18,3.4069552
394,92,3.3685033
395,16,3.9264555
395,26,3.5887885
395,36,3.3281562
395,67,3.2032652
395,18,3.007413
396,67,3.9189634
396,18,3.8806958
396,65,3.773665
396,16,3.7722137
396,89,3.5829122
397,78,4.105633
397,8,4.102905
397,27,4.0334063
397,38,3.8169956
397,59,3.7181773
398,21,3.0023367
398,11,2.7823331
398,49,2.6880069
398,35,2.535984
398,33,2.5230415
399,24,3.904204
399,63,3.791771
399,31,3.7008994
399,62,3.6819437
399,43,3.6461277
400,31,4.2583594
400,73,4.0760694
400,77,3.9040546
400,89,3.8498087
400,67,3.7965496
401,5,3.8999066
401,19,3.6735375
401,29,3.5557075
401,44,3.5541558
401,6,3.4970675
402,21,1.8416111
402,12,1.7702374
402,34,1.7406828
402,2,1.5883243
402,31,1.561246
403,44,4.4373665
403,99,4.3516526
403,54,4.010532
403,4,4.0038505
403,21,3.9926727
404,18,3.4082644
404,79,3.2429633
404,35,2.9923773
404,73,2.961074
404,8,2.9609156
405,4,4.8989625
405,16,4.797835
405,31,4.770285
405,12,4.705612
405,7,4.6067734
406,52,4.2705703
406,33,4.2109714
406,86,3.6115882
406,26,3.3861575
406,38,3.3549366
407,73,4.1561847
407,85,4.151596
407,8,3.9909496
407,21,3.9095926
407,89,3.8818612
408,22,4.492314
408,5,4.261309
408,19,4.15645
408,60,4.149298
408,6,4.1029773
409,31,1.611217
409,59,1.6023647
409,21,1.5897747
409,8,1.5891621
409,73,1.5655234
410,44,2.1179376
410,27,1.9014481
410,22,1.8660706
410,30,1.835221
410,40,1.772853
411,23,3.488515
411,40,3.486784
411,85,3.4299486
411,44,3.2767894
411,29,3.0418527
412,4,4.2805796
412,50,4.0213656
412,44,4.005648
412,68,3.90084
412,27,3.8292656
413,84,3.0188088
413,4,2.558867
413,44,2.507303
413,78,2.455551
413,17,2.3600535
414,73,4.5506544
414,8,4.5153346
414,2,4.4728312
414,59,4.471756
414,21,4.422125
416,28,4.3368845
416,38,4.166534
416,92,3.838051
416,76,3.833848
416,31,3.8154724
417,6,3.384641
417,19,3.1859865
417,10,3.1093032
417,44,3.0836923
417,78,3.045761
418,57,4.338929
418,44,4.1190705
418,53,4.08657
418,35,4.05213
418,18,3.8498228
419,5,2.9373639
419,59,2.9014184
419,19,2.897409
419,21,2.8737442
419,29,2.8509421
420,73,3.8397686
420,21,3.765733
420,8,3.6847374
420,66,3.6571627
420,85,3.6273634
421,4,4.5747824
421,10,4.463565
421,44,4.3917913
421,64,4.098251
421,84,4.0766025
422,53,3.3163795
422,44,2.7292838
422,96,2.6536322
422,27,2.5614572
422,35,2.5575402
423,6,3.8866174
423,10,3.7341545
423,44,3.6607742
423,78,3.6293666
423,66,3.521468
424,51,2.3960068
424,27,2.2808466
424,40,2.0105731
424,8,1.9101785
424,45,1.9076449
425,13,1.7468143
425,42,1.7347817
425,62,1.698514
425,19,1.6977898
425,97,1.6909939
426,10,5.3886576
426,4,5.2695484
426,25,5.225177
426,44,4.8564973
426,95,4.8309636
427,76,3.2304418
427,98,2.956312
427,6,2.9538877
427,38,2.9536376
427,28,2.9424891
428,12,3.6368403
428,98,3.602465
428,88,3.5887995
428,31,3.570397
428,92,3.5506797
429,95,3.4146078
429,4,3.1420214
429,31,3.1239223
429,44,3.0324247
429,77,2.9543173
430,64,3.721659
430,13,3.1966052
430,63,2.9475765
430,43,2.8248599
430,50,2.817816
431,33,3.4203296
431,13,3.3579307
431,64,3.113745
431,50,2.919061
431,26,2.8889284
433,73,4.338362
433,45,4.2053733
433,8,4.040023
433,2,3.82085
433,17,3.768887
434,19,4.127179
434,6,3.6488206
434,59,3.5553186
434,90,3.3461914
434,13,3.2058516
435,47,3.8712726
435,59,3.5647452
435,19,3.388011
435,60,3.3465662
435,98,3.2601027
436,12,3.6729867
436,40,3.201675
436,18,3.170452
436,31,3.1012719
436,92,3.0731595
437,12,3.4826014
437,88,3.4077897
437,18,3.3877177
437,31,3.2747602
437,42,3.2511516
438,21,4.7657747
438,59,4.5039425
438,33,4.361107
438,11,4.2797446
438,49,4.258602
440,21,3.795031
440,34,3.5550895
440,12,3.3022275
440,85,3.215513
440,73,3.200011
441,95,2.5388992
441,77,2.202084
441,4,2.149398
441,31,2.1133306
441,44,1.980226
442,44,3.7596362
442,53,3.2418709
442,29,3.2325704
442,96,3.0684388
442,57,2.8459668
443,12,3.1666446
443,72,3.036857
443,20,3.0126438
443,31,2.861321
443,18,2.8357968
444,85,4.5618095
444,73,4.004764
444,21,3.7644813
444,36,3.6481469
444,45,3.5764942
445,95,4.74981
445,77,3.8387203
445,4,3.6333668
445,10,3.3797593
445,34,3.3793635
446,16,1.272855
446,26,1.1535816
446,36,1.0707467
446,67,1.0555636
446,18,1.0010954
447,76,4.032654
447,83,3.6782637
447,98,3.6009984
447,92,3.5857434
447,6,3.5825057
448,18,1.5179927
448,67,1.473819
448,88,1.4459299
448,31,1.4353596
448,16,1.40784
449,42,4.2982783
449,35,3.94862
449,92,3.7508535
449,13,3.720812
449,12,3.641548
450,21,3.5481985
450,11,3.2532125
450,33,3.187728
450,49,3.1752884
450,80,3.037436
451,21,4.7829547
451,4,4.4669323
451,25,4.4119444
451,41,4.4044223
451,13,4.4036264
452,21,1.2167716
452,92,1.1812296
452,33,1.1568317
452,49,1.1550485
452,11,1.1326619
453,53,2.571556
453,27,2.565758
453,38,2.550326
453,44,2.5173419
453,35,2.5028172
454,36,4.501787
454,4,4.1847844
454,16,4.1184673
454,26,4.001217
454,33,3.8816729
455,98,3.5141592
455,60,3.1565752
455,25,3.008324
455,70,3.001719
455,92,2.965205
457,5,2.6751215
457,19,2.5890696
457,59,2.3822951
457,87,2.3469408
457,28,2.3286262
458,59,3.9064438
458,47,3.7298012
458,19,3.5788462
458,98,3.449817
458,60,3.388558
459,44,1.8387576
459,60,1.7983916
459,27,1.7909874
459,98,1.6726948
459,10,1.6351155
460,36,1.4663714
460,16,1.3264906
460,26,1.3259748
460,33,1.1990389
460,4,1.1736014
461,62,4.5756826
461,21,3.7138414
461,97,3.5208678
461,49,3.4927197
461,34,3.2022197
462,21,4.8011174
462,11,4.0403175
462,62,3.9293482
462,34,3.9290605
462,49,3.9205647
463,42,4.2364006
463,63,4.0866146
463,99,4.0197906
463,13,3.929377
463,3,3.9253602
464,92,3.6285157
464,33,3.4815583
464,13,3.398703
464,49,3.3058703
464,52,3.2163742
465,73,4.7304144
465,92,4.620296
465,2,4.4794025
465,18,4.4632525
465,8,4.4523497
466,63,3.1240742
466,18,2.8166394
466,67,2.6421466
466,3,2.595562
466,91,2.5933504
467,4,3.8808563
467,31,3.7013502
467,38,3.5920389
467,56,3.4233646
467,27,3.384143
468,52,2.3937552
468,33,2.118354
468,86,1.9535645
468,38,1.8182689
468,13,1.7251877
469,71,4.541115
469,44,4.0102763
469,93,3.9325616
469,95,3.7296166
469,81,3.610436
470,47,1.6536634
470,59,1.5239656
470,19,1.4444108
470,60,1.423451
470,98,1.3920097
471,6,4.6613913
471,78,4.525981
471,27,4.324028
471,66,4.237721
471,4,4.236242
472,63,2.6902177
472,3,2.492417
472,90,2.332611
472,18,2.3194463
472,42,2.2273898
473,12,4.4847903
473,72,4.230907
473,31,4.081823
473,92,3.971947
473,20,3.9692597
474,33,3.4403315
474,50,3.3853164
474,35,3.3453493
474,21,3.3012443
474,25,3.2565238
475,4,3.9358237
475,10,3.9274387
475,44,3.7661872
475,25,3.6701114
475,27,3.5877001
476,83,1.5655018
476,92,1.3124858
476,35,1.2467028
476,6,1.2357961
476,33,1.1950464
477,13,3.322784
477,42,3.177725
477,92,3.0419545
477,19,2.9474683
477,33,2.9124162
478,44,3.1044252
478,25,3.0863857
478,10,3.0425842
478,4,2.9935095
478,50,2.7721474
479,60,4.3928986
479,25,3.9423985
479,98,3.9383883
479,12,3.90174
479,20,3.7652009
480,86,4.7713456
480,38,4.7657285
480,52,4.3422647
480,33,4.26213
480,17,4.117739
481,39,3.9853494
481,92,3.7808158
481,18,3.7185977
481,7,3.7081897
481,73,3.5001872
482,54,3.6927445
482,4,3.6906486
482,44,3.528113
482,62,3.434337
482,71,3.4005704
483,6,4.303052
483,19,3.9537635
483,83,3.573399
483,25,3.349275
483,76,3.345952
484,8,4.232606
484,73,4.0161777
484,18,3.8037264
484,31,3.5689962
484,59,3.5526676
485,53,3.5257397
485,44,2.9557133
485,96,2.8587453
485,27,2.7354422
485,35,2.724151
486,27,3.2970965
486,38,3.2086375
486,44,2.8448484
486,53,2.7802157
486,7,2.739107
487,38,4.493526
487,27,4.1998506
487,86,3.795748
487,28,3.739809
487,7,3.6833231
488,42,3.7486408
488,35,3.577852
488,21,3.4009662
488,92,3.3543143
488,13,3.2858737
489,67,3.9716897
489,16,3.8170006
489,31,3.6766524
489,89,3.5628843
489,18,3.342629
491,44,4.5690103
491,84,4.426034
491,4,4.4189534
491,54,3.9991126
491,5,3.9774878
492,44,3.6990845
492,27,3.369609
492,30,3.3441503
492,22,3.2440925
492,78,3.124673
493,19,3.6838841
493,3,3.4719293
493,90,3.4679575
493,63,3.4513402
493,59,3.2820644
494,44,3.8914504
494,27,3.5503383
494,22,3.4072633
494,40,3.2889051
494,30,3.2835996
495,54,3.5387948
495,4,3.5035074
495,44,3.3750534
495,62,3.2932625
495,21,3.2926393
496,64,2.9088368
496,13,2.6859772
496,4,2.467805
496,50,2.4556143
496,54,2.3813796
497,58,4.564817
497,21,4.1892495
497,62,4.0890994
497,29,4.033
497,73,3.7723155
498,73,3.1584601
498,8,2.6500385
498,2,2.4675782
498,21,2.458442
498,45,2.4526074
499,13,2.3279488
499,64,2.2846181
499,63,1.9266218
499,43,1.8712504
499,33,1.7842877
500,10,3.8764768
500,25,3.7622328
500,14,3.7239265
500,95,3.6138034
500,4,3.3550072
